GRANULATION;TIME;INTEGRAL
16777216;1.04263532000000001562;1.76416277715787095381
33554432;2.08781645600000004062;1.76416277934129128723
67108864;4.17167451200000002500;1.76416278043365437611
134217728;8.40931333600000003125;1.76416278097849321682
268435456;16.64491291200000000625;1.76416278125186098968
536870912;34.07641319999999951562;1.76416278138927484775
