DIMENSION (A[n, m], x[n,m]);TIME
16;.00004652400000000000
32;.00036968000000000000
64;.00328370800000000000
128;.03009969200000000000
256;.24937857600000000000
512;3.13345063199999998593
1024;149.66328576799999839531
